2018.04.19		https://www.orangepage.net/recipes/detail_133011
2018.07.22	wife	https://www.lettuceclub.net/recipe/dish/11069/
2018.12.24		https://www.lettuceclub.net/recipe/dish/12281/
2019.01.05		https://www.kurashiru.com/recipes/645fd37e-c637-47ec-a2ff-6896a3869fab
2019.01.26	tech	https://www.vitacraft.co.jp/howto/rice.html
2019.01.27		https://mi-journey.jp/foodie/23378/
2019.02.18		https://www.lettuceclub.net/recipe/dish/22631/
2019.04.15	wife	https://www.kurashiru.com/recipes/6bb089d9-1bf7-4ae8-a60c-28d32cedd474
2019.04.29		https://oceans-nadia.com/user/74788/recipe/295293
2019.07.27		https://delishkitchen.tv/recipes/171926810076905964
2019.08.03		https://delishkitchen.tv/recipes/146717936529178918
2019.08.06		https://recipe.cotta.jp/recipe.php?recipeid=00012053
2019.08.07		https://delishkitchen.tv/recipes/150677681359290787
2019.08.12		https://www.kurashiru.com/recipes/284b44f5-bb66-4700-b6e0-eff8206d5e24
2019.08.17		https://www.kurashiru.com/recipes/477b812d-b29e-4842-a68c-7d2826690ce2
2019.08.18	wife	https://www.kurashiru.com/recipes/c08fb3a5-b4e3-4d65-b6f4-614a5658e981
2019.08.23	wife	https://www.kurashiru.com/recipes/e15766d2-6ca4-4130-bf50-c8d3c7ad9472
2019.08.24		https://delishkitchen.tv/recipes/160481837951484396
2019.08.28	wife	https://www.kurashiru.com/recipes/7d67b443-7233-4c63-81a6-3bcc53fd4716
2019.09.02	wife	https://oceans-nadia.com/user/22780/recipe/189378
2019.09.03	wife	https://oceans-nadia.com/user/22780/recipe/274687
2019.09.07	wife	https://oceans-nadia.com/user/22780/recipe/290638
2019.09.18	tech	https://mi-journey.jp/foodie/57058/
2019.09.22	wife	https://oceans-nadia.com/user/22780/recipe/193594
2019.09.22	wife	https://oceans-nadia.com/user/22780/recipe/237613
2019.09.25	wife	https://oceans-nadia.com/user/22780/recipe/284094
2019.09.27	wife	https://oceans-nadia.com/user/21149/recipe/123681
2019.09.30	wife	https://oceans-nadia.com/user/153045/recipe/379620
2019.10.01	wife	https://oceans-nadia.com/user/22780/recipe/371218
2019.10.03	wife	https://oceans-nadia.com/user/22780/recipe/372084
2019.10.06	wife	https://oceans-nadia.com/user/22780/recipe/349906
2020.01.14	wife	https://oceans-nadia.com/user/22780/recipe/206316
2020.02.16		https://www.kurashiru.com/recipes/027e2058-7aa9-4662-bd4c-47d4b317f5b5
2020.03.10		https://www.kurashiru.com/recipes/e5d5f7fc-c781-40da-8a00-101d31b1c7d6
2020.03.21		https://beergirl.net/bjrecipe_1072/
2020.03.21		https://oceans-nadia.com/user/24115/linernote/91
2020.03.22		https://park.ajinomoto.co.jp/recipe/card/702570/
2020.03.29		https://delishkitchen.tv/recipes/224431969864254680
2020.03.29		https://oceans-nadia.com/user/24115/recipe/139627
2020.04.04		https://oceans-nadia.com/user/11247/recipe/138623
2020.04.12		https://delishkitchen.tv/recipes/170055750238863852
2020.04.20		https://oceans-nadia.com/user/22780/recipe/267212
2020.05.05	tech	https://www.sirogohan.com/sp/recipe/yudetamago/
2020.05.05		https://www.sirogohan.com/sp/recipe/nitamago/
2020.05.05		https://recipe.rakuten.co.jp/recipe/1260005691/
2020.05.05	tech	https://kombu.or.jp/power/dashi.html
2020.05.05		https://www.sirogohan.com/sp/recipe/sijimi/
2020.05.09		https://www.lettuceclub.net/recipe/dish/17038/
